feature,type,count,num_missing,num_unique,keys,mean,std,min,25%,median,75%,97%,98%,99%,max,skewness,kurtosis,log_mean,log_std
vehicle_id,categorical,11383545,0,208763,,,,,,,,,,,,,,,
origin_time_sec,numeric,11383545,0,161368,,551157.4925678249,338189.5568770678,1.0,235342.0,582346.0,839974.0,1114291.0,1152541.0,1184575.0,1209541.0,0.038760409905552864,-1.3080198993136543,,
destination_time_sec,numeric,11383545,0,312897,,552168.7909378845,338249.7331871741,364.0,236370.0,584056.0,841033.0,1117173.0,1153337.0,1185961.0,1210933.0,0.03900851434509287,-1.3070750180565844,,
total_travel_time_seconds,numeric,11383545,0,3819,,1011.2983700595904,511.12000591778343,0.0,768.0,948.0,1127.0,2420.0,2882.0,3472.0,4962.0,2.767971114470444,11.440463671139337,,
eta,numeric,11383545,0,4573,,504.32398466382836,416.1437177500672,0.0,203.0,433.0,708.0,1340.0,1610.0,2134.0,4963.0,2.204028002100948,9.577303902547168,5.803662746624443,1.1350613248615882
