{
  "trip_id": "1372636858620000589",
  "timestamp": 1372636858,
  "polyline": [
    [
      -8.618643,
      41.141412
    ],
    [
      -8.618499,
      41.141376
    ],
    [
      -8.620326,
      41.14251
    ],
    [
      -8.622153,
      41.143815
    ],
    [
      -8.623953,
      41.144373
    ],
    [
      -8.62668,
      41.144778
    ],
    [
      -8.627373,
      41.144697
    ],
    [
      -8.630226,
      41.14521
    ],
    [
      -8.632746,
      41.14692
    ],
    [
      -8.631738,
      41.148225
    ],
    [
      -8.629938,
      41.150385
    ],
    [
      -8.62911,
      41.151213
    ],
    [
      -8.629128,
      41.15124
    ],
    [
      -8.628786,
      41.152203
    ],
    [
      -8.628687,
      41.152374
    ],
    [
      -8.628759,
      41.152518
    ],
    [
      -8.630838,
      41.15268
    ],
    [
      -8.632323,
      41.153022
    ],
    [
      -8.631144,
      41.154489
    ],
    [
      -8.630829,
      41.154507
    ],
    [
      -8.630829,
      41.154516
    ],
    [
      -8.630829,
      41.154498
    ],
    [
      -8.630838,
      41.154489
    ]
  ],
  "gps_interval_seconds": 15,
  "num_points": 23,
  "trip_duration_seconds": 345,
  "speeds_kmh": [
    3.049337748959927,
    47.581895613472554,
    50.60648839061146,
    39.11915093445185,
    55.85884158510381,
    14.093617423213198,
    58.946877020166944,
    68.16979184771233,
    40.28881300295954,
    68.05232367270744,
    27.660382228338705,
    0.8062318954167252,
    26.602362637066232,
    4.978190997311101,
    4.106216810775406,
    41.99867510318389,
    31.204171226964696,
    45.75940761522174,
    6.347650211620274,
    0.240181041514711,
    0.48036208321904306,
    0.30065019818317457
  ],
  "avg_speed_kmh": 28.920528149462488,
  "max_speed_kmh": 68.16979184771233,
  "validation": {
    "is_valid": true,
    "max_allowed_speed_kmh": 200
  }
}